{
  "version": 1,
  "author": "Henrique Baptista",
  "editor": "wokwi",
  "parts": [
    { "type": "board-esp32-devkit-c-v4", "id": "esp", "top": 182.4, "left": 24.04, "attrs": {} },
    {
      "type": "wokwi-photoresistor-sensor",
      "id": "ldr1",
      "top": 310.4,
      "left": 183.2,
      "attrs": {}
    },
    {
      "type": "wokwi-dht22",
      "id": "dht1",
      "top": 9.9,
      "left": -91.8,
      "attrs": { "temperature": "27.3" }
    },
    {
      "type": "wokwi-resistor",
      "id": "r1",
      "top": 435.95,
      "left": 115.2,
      "attrs": { "value": "10000" }
    },
    {
      "type": "wokwi-resistor",
      "id": "r2",
      "top": 387.95,
      "left": 163.2,
      "attrs": { "value": "10000" }
    },
    {
      "type": "wokwi-resistor",
      "id": "r4",
      "top": 158.4,
      "left": -38.95,
      "rotate": 90,
      "attrs": { "value": "10000" }
    }
  ],
  "connections": [
    [ "esp:TX", "$serialMonitor:RX", "", [] ],
    [ "esp:RX", "$serialMonitor:TX", "", [] ],
    [ "ldr1:AO", "r1:2", "green", [ "v66.5", "h-75.6" ] ],
    [ "ldr1:GND", "r2:2", "black", [ "v57.2", "h-75.6" ] ],
    [ "r2:1", "esp:GND.3", "black", [ "v0" ] ],
    [ "r1:1", "esp:VP", "green", [ "h-172.8", "v86.4" ] ],
    [ "r4:1", "dht1:SDA", "orange", [ "h-57.6", "v-9.6" ] ],
    [ "dht1:VCC", "esp:3V3", "red", [ "v76.8" ] ],
    [ "dht1:GND", "esp:GND.1", "black", [ "v0" ] ],
    [ "r4:2", "esp:3V3", "orange", [ "h19.2", "v9.6", "h19.05" ] ],
    [ "dht1:SDA", "esp:4", "green", [ "v288", "h211.3", "v-86.4" ] ],
    [ "ldr1:VCC", "esp:3V3", "red", [ "v-153.6", "h-326.55" ] ]
  ],
  "dependencies": {}
}